{
  "姓名": "林国瑞",
  "年龄": 34,
  "最高学历": "本科",
  "毕业院校": "中国传媒大学",
  "工作经历": [
    {
      "时间": "2008.9-2012.6",
      "地点": "腾讯公司",
      "职位": "市场专员",
      "任务": "负责公司团队组织建设，团队精神的培养，协调各部位工作，组织策划团队成员大会，竟选会、团队培训、招募新成员等工作"
    },
    {
      "时间": "2013.1-2018.5",
      "地点": "阿里巴巴公司",
      "职位": "市场经理",
      "任务": ""
    },
    {
      "时间": "2018.5-至今",
      "地点": "阿里巴巴公司",
      "职位": "市场经理助理",
      "任务": ""
    }
  ],
  "工作总时间": 8,
  "个人邮箱": "linguorui@qq.com",
  "手机号": "13831088888",
  "性别": "男",
  "求职意向岗位": "市场专员",
  "自我评价": "自我学习能力还是比较强的，想做的事很认真。专业知识扎实，有积极的工作态度，能够独立工作，又有团队精神。具有良好的文化素质，在未来的工作中，我将以充沛的精力，努力工作，稳定地进步自己的工作能力。我正在寻找一个更好的发展平台，希望能够充分发挥自己的优势，共同努力成就一番事业。",
  "最高学历学校等级": "211",
  "专业": "设计",
  "技能证书": "平面设计",
  "获奖荣誉": [
    "大学一直担任班长，荣获“优秀班干”",
    "在校园创业者协会担任“宣传部长”",
    "2011年荣获第四届全国大学生广告艺术设计大赛平面作品类三等奖"
  ],
  "教育背景": [
    {
      "时间": "2008.9-2012.6",
      "学校": "中国传媒大学",
      "专业": "艺术设计"
    }
  ],
  "个人特性": {
    "自我驱动性": {
      "分数": 80,
      "原因": "自我学习能力强，对工作认真负责"
    },
    "适应能力": {
      "分数": 70,
      "原因": "具有团队精神，能够适应不同的工作环境"
    },
    "社交能力": {
      "分数": 60,
      "原因": "在团队中担任过班长和宣传部长，具有一定的社交能力"
    }
  },
  "技能和经验": {
    "问题解决能力": {
      "分数": 70,
      "原因": "在工作中负责协调各部位工作，具有解决问题的能力"
    },
    "团队协作能力": {
      "分数": 80,
      "原因": "在腾讯公司负责团队组织建设，具有团队协作能力"
    },
    "创新思维": {
      "分数": 60,
      "原因": "在校园创业者协会担任宣传部长，具有一定的创新思维"
    }
  },
  "成就和亮点": {
    "领导潜力": {
      "分数": 70,
      "原因": "在大学担任班长和校园创业者协会宣传部长，具有领导潜力"
    },
    "创新成果": {
      "分数": 60,
      "原因": "获得第四届全国大学生广告艺术设计大赛平面作品类三等奖"
    },
    "行业影响力": {
      "分数": 50,
      "原因": "暂无相关信息"
    }
  },
  "产品运营": {
    "人岗匹配程度分数": 0,
    "人岗匹配的理由": ""
  },
  "平面设计师": {
    "人岗匹配程度分数": 0,
    "人岗匹配的理由": ""
  },
  "财务": {
    "人岗匹配程度分数": 0,
    "人岗匹配的理由": ""
  },
  "市场营销": {
    "人岗匹配程度分数": 0,
    "人岗匹配的理由": ""
  },
  "项目主管": {
    "人岗匹配程度分数": 0,
    "人岗匹配的理由": ""
  },
  "开发工程师": {
    "人岗匹配程度分数": 0,
    "人岗匹配的理由": ""
  },
  "文员": {
    "人岗匹配程度分数": 0,
    "人岗匹配的理由": ""
  },
  "电商运营": {
    "人岗匹配程度分数": 0,
    "人岗匹配的理由": ""
  },
  "人力资源管理": {
    "人岗匹配程度分数": 0,
    "人岗匹配的理由": ""
  },
  "风控专员": {
    "人岗匹配程度分数": 0,
    "人岗匹配的理由": ""
  }
}