{
  "姓名": "李中冰",
  "年龄": 24,
  "最高学历": "",
  "毕业院校": "",
  "工作经历": [
    {
      "时间": "2021.01-至今",
      "地点": "楠恒投资控股集团",
      "职位": "副总监",
      "任务": "负责协助集团旗下事业部开展各项工作，制定品牌传播方案；结合集团与事业部发展，制定营销策略、广告策略、品牌策略和公关策略，并组织推进执行；制定和执行媒体投放计划，跟踪和监督媒体投放效果，进行数据分析与撰写报告；研究行业发展动态，定期进行市场调查，为产品更新提供建议。"
    },
    {
      "时间": "2020.01-2021.01",
      "地点": "宸楠有限公司",
      "职位": "市场及运营总监",
      "任务": "根据公司发展情况进行战略调整，配合前端销售部门搭建销售渠道；研究行业发展动态，定期进行市场调查，为产品更新提供建议；负责公司部门（营运、品牌策划）制度规范，负责组织及监管市场部关于对外合作、推广策划以及相关工作的落实。"
    },
    {
      "时间": "2019.01-2020.01",
      "地点": "楚友俱乐部",
      "职位": "市场副总监",
      "任务": "负责事业部产品对外推广和宣传，制定各种整合营销的活动；执行媒体投放计划，跟踪和监督媒体投放效果，进行数据分析撰写报告；向市场总监提供营销支持，并协助相关的公关事宜。"
    }
  ],
  "工作总时间": 3,
  "个人邮箱": "lizhongbing@qq.com",
  "手机号": "13802131218",
  "性别": "",
  "求职意向岗位": "市场总监-专注品牌方向",
  "自我评价": "拥有多年的市场管理及品牌营销经验，卓越的规划、组织、策划、方案执行和团队领导能力，积累较强的人际关系处理能力和商务谈判技巧，善于沟通，具备良好的合作关系掌控能力与市场开拓能力；敏感的商业和市场意识，具备优秀的资源整合能力、业务推进能力；思维敏捷，有培训演讲能力，懂激励艺术，能带动团队的积极性；擅长协调平衡团队成员的竞争与合作的关系，善于通过培训提高团队综合能力和凝聚力。",
  "最高学历学校等级": "",
  "专业": "",
  "技能证书": [
    "社团-自强社“优秀社员”",
    "三下乡”社会实践活动“优秀学生”",
    "田径运动会10人立定跳远团体赛第三名",
    "学生军事技能训练“优秀学员”",
    "盼盼杯烘焙食品创意大赛优秀奖",
    "校内论坛主题征文一等奖"
  ],
  "获奖荣誉": [
    "宸楠集团品牌升级发布会",
    "楚友商业模式发布会",
    "楠恒投资控股集团6A自媒体生态圈建设"
  ],
  "教育背景": [
    {
      "时间": "2015.10-2016.06",
      "学校": "顺德中专学校",
      "经历": "辩论队（队长）\n负责50余人团队的日常训练、选拔及团队建设；\n作为负责人对接多项商业校园行活动，如《奔跑吧兄弟》录制、《时代周末》校园行。"
    },
    {
      "时间": "2016.11-2018.06",
      "学校": "沟通与交流协会",
      "经历": "创始人/副会长\n协助广东省沟通协会创立分部，从零开始组建初期团队；\n策划协会会员制，选拔、培训协会导师，推出一系列沟通课程。"
    },
    {
      "时间": "2021.01-至今",
      "学校": "楠恒投资控股集团",
      "经历": "副总监\n负责协助集团旗下事业部开展各项工作，制定品牌传播方案；\n结合集团与事业部发展，制定营销策略、广告策略、品牌策略和公关策略，并组织推进执行；\n制定和执行媒体投放计划，跟踪和监督媒体投放效果，进行数据分析与撰写报告；\n研究行业发展动态，定期进行市场调查,为产品更新提供建议。"
    },
    {
      "时间": "2020.01-2021.01",
      "学校": "宸楠有限公司",
      "经历": "市场及运营总监\n根据公司发展情况进行战略调整，配合前端销售部门搭建销售渠道；\n研究行业发展动态，定期进行市场调查,为产品更新提供建议；\n负责公司部门(营运、品牌策划)制度规范，负责组织及监管市场部关于对外合作、推广策划以相关工作的落实。"
    },
    {
      "时间": "2019.01-2020.01",
      "学校": "楚友俱乐部",
      "经历": "市场副总监\n负责事业部产品对外推广和宣传，制定各种整合营销的活动；\n执行媒体投放计划，跟踪和监督媒体投放效果，进行数据分析撰写报告；\n向市场总监提供营销支持，并协助相关的公关事宜。"
    },
    {
      "时间": "2015-2018",
      "学校": "顺德中专学校",
      "经历": "市场营销（中专）\n主修课程：管理学、微观经济学、宏观经济学、管理信息系统、统计学、会计学、财务管理、市场营销、经济法、消费者行为学、国际市场营销。"
    }
  ],
  "个人特性": {
    "自我驱动性": {
      "分数": 90,
      "原因": "在学校期间担任辩论队队长，负责团队的训练和选拔，展现了自我驱动的能力。"
    },
    "适应能力": {
      "分数": 85,
      "原因": "在不同的工作岗位中有丰富的经验，能够适应不同的工作环境和要求。"
    },
    "社交能力": {
      "分数": 90,
      "原因": "在沟通与交流协会担任副会长期间，协助创立分部并组建团队，展现了良好的社交能力。"
    }
  },
  "技能和经验": {
    "问题解决能力": {
      "分数": 85,
      "原因": "在工作中负责制定营销策略和广告策略，能够解决各种问题并提供有效的解决方案。"
    },
    "团队协作能力": {
      "分数": 90,
      "原因": "在学校期间担任辩论队队长和在工作中负责团队建设，展现了良好的团队协作能力。"
    },
    "创新思维": {
      "分数": 80,
      "原因": "在工作中负责制定品牌传播方案和营销策略，展现了一定的创新思维能力。"
    }
  },
  "成就和亮点": {
    "领导潜力": {
      "分数": 90,
      "原因": "在沟通与交流协会担任副会长期间，协助创立分部并组建团队，展现了领导潜力。"
    },
    "创新成果": {
      "分数": 85,
      "原因": "在宸楠有限公司担任市场及运营总监期间，成功进行了品牌升级发布会和商业模式发布会，取得了创新成果。"
    },
    "行业影响力": {
      "分数": 80,
      "原因": "在楠恒投资控股集团担任副总监期间，负责制定品牌传播方案和营销策略，提高了公司的行业影响力。"
    }
  },
  "产品运营": {
    "人岗匹配程度分数": 0,
    "人岗匹配的理由": ""
  },
  "平面设计师": {
    "人岗匹配程度分数": 0,
    "人岗匹配的理由": ""
  },
  "财务": {
    "人岗匹配程度分数": 0,
    "人岗匹配的理由": ""
  },
  "市场营销": {
    "人岗匹配程度分数": 0,
    "人岗匹配的理由": ""
  },
  "项目主管": {
    "人岗匹配程度分数": 0,
    "人岗匹配的理由": ""
  },
  "开发工程师": {
    "人岗匹配程度分数": 0,
    "人岗匹配的理由": ""
  },
  "文员": {
    "人岗匹配程度分数": 0,
    "人岗匹配的理由": ""
  },
  "电商运营": {
    "人岗匹配程度分数": 0,
    "人岗匹配的理由": ""
  },
  "人力资源管理": {
    "人岗匹配程度分数": 0,
    "人岗匹配的理由": ""
  },
  "风控专员": {
    "人岗匹配程度分数": 0,
    "人岗匹配的理由": ""
  }
}