{
  "姓名": "李淑淑",
  "年龄": 28,
  "最高学历": "大专",
  "毕业院校": "福建船政交通职业学院",
  "工作经历": [
    {
      "时间": "2017.07-2018.06",
      "地点": "广州京美信息科技有限公司",
      "职位": "市场营销（实习生）",
      "任务": "负责公司线上端资源的销售工作（以开拓客户为主），实时了解行业的变化，跟踪客户的详细数据，为客户制定更完善的投放计划"
    },
    {
      "时间": "2018.09-2023.03",
      "地点": "广州勤裕信息科技有限公司",
      "职位": "软件工程师",
      "任务": "负责公司业务系统的设计及改进，参与公司网上商城系统产品功能设计及实施工作，负责客户调研、客户需求分析、方案写作等工作"
    }
  ],
  "工作总时间": 5,
  "个人邮箱": "naisen.com",
  "手机号": "18800000000",
  "性别": "",
  "求职意向岗位": "",
  "自我评价": "深度互联网从业人员，对互联网保持高度的敏感性和关注度，熟悉产品开发流程，有很强的产品规划、需求分析、交互设计能力，能独立承担APP和WEB项目的管控工作，善于沟通，贴近用户。",
  "最高学历学校等级": "",
  "专业": "市场营销",
  "技能证书": "普通话一级甲等；大学英语四/六级（CET-4/6），良好的听说读写能力，快速浏览英语专业文件及书籍；通过全国计算机二级考试，熟练运用office相关软件。",
  "获奖荣誉": "",
  "教育背景": [
    {
      "时间": "2014.07-2017.06",
      "学校": "福建船政交通职业学院",
      "专业": "市场营销（大专）"
    }
  ],
  "工作稳定性的程度": "中上",
  "给出此工作稳定性判断的原因": "求职者在过去的工作中有一份实习经历和一份正式工作经历，实习经历持续了一年，正式工作经历持续了4年，表明求职者在工作中有一定的稳定性。",
  "人岗匹配程度分数": 75,
  "人岗匹配的理由": "求职者的专业背景是市场营销，与职位要求的市场营销相关。求职者在实习经历中负责公司线上端资源的销售工作，与职位要求的开拓客户和制定投放计划相符。求职者在正式工作经历中担任软件工程师，虽然与职位要求的市场营销不完全匹配，但是在工作中负责公司业务系统的设计和改进，参与大型电子商务项目的策划工作，表明求职者具备一定的项目管理能力和团队协作能力，与职位要求的个人素质相符。"
}