{
  "姓名": "陈文婷",
  "年龄": 29,
  "最高学历": "本科",
  "毕业院校": "东华大学",
  "工作经历": [
    {
      "时间": "2016.9 - 2018.9",
      "地点": "美智顾问有限公司",
      "职位": "平面设计师"
    },
    {
      "时间": "2018.9 - 至今",
      "地点": "上海素颜堂高新技术有限公司",
      "职位": "平面设计师"
    }
  ],
  "工作总时间": 4,
  "个人邮箱": "xianqi@taobao.com",
  "手机号": "13912341210",
  "性别": "女",
  "求职意向岗位": "平面设计师",
  "自我评价": "丰富的社会实践经历，精益求精的专业态度，同事公认PPT制作达人，会进行基础的网站建设，爱书法有一定书写能力",
  "最高学历学校等级": "普通一本",
  "专业": "平面设计",
  "技能证书": [
    "Adobe中国认证设计师",
    "Adobe认证产品专家",
    "平面设计师资格证书",
    "英语四六级证书"
  ],
  "获奖荣誉": [
    "2013年被评为东华大学“校优秀毕业生”",
    "2013年获东华大学“优秀共产党员”、 “优秀辅导组成员”荣誉称号",
    "2014年获全国数学建模竞赛三等奖，东华大学物理竞赛二等奖",
    "2014年获校“优秀社团工作者”荣誉称号",
    "2015年荣获中国科学院“优秀班干部”，“三好学生”荣誉称号",
    "2015年获中国科学院金属研究所“原创科普作品大赛”优秀奖"
  ],
  "教育背景": [
    {
      "学校": "东华大学",
      "学历": "本科",
      "时间": "2012-2016"
    }
  ],
  "工作稳定性的程度": "中上",
  "给出此工作稳定性判断的原因": "根据求职者的工作历史可以看出，每份工作的持续时间约为2-3年，属于稳定的工作历程。",
  "人岗匹配程度分数": 75,
  "人岗匹配的理由": "根据求职者的专业技能和职位需求的匹配程度，工作经验和职位需求的匹配程度，个人素质的匹配程度，综合评估得出的匹配分数。求职者具备平面设计师的专业技能，有丰富的工作经验，擅长使用MS Office、Photoshop、Illustrator等软件，具备良好的英语和日语能力，具备较强的社会实践经历和专业态度。因此，与职位的匹配程度较高。"
}