{
    "个人特性": {
      "自我驱动性": {
        "分数": 9,
        "原因": "在所有项目中都显示出高度的自我驱动性，总是能在规定的时间内完成任务"
      },
      "适应能力": {
        "分数": 8,
        "原因": "在新环境中迅速适应，能够在短时间内掌握新的技能"
      },
      "社交能力": {
        "分数": 9,
        "原因": "在团队中表现出良好的沟通技巧，能够有效地与团队成员交流，解决问题"
      }
    },
    "技能和经验": {
      "问题解决能力": {
        "分数": 9,
        "原因": "在面对挑战和困难时，总是能找到有效的解决方案"
      },
      "团队协作能力": {
        "分数": 9,
        "原因": "在团队项目中，总是能够有效地与其他成员协作，完成任务"
      },
      "创新思维": {
        "分数": 91,
        "原因": "在解决问题时，总是能提出独特和创新的想法"
      }
    },
    "成就和亮点": {
      "领导潜力": {
        "分数": 9,
        "原因": "在项目中承担领导角色，能够有效地指导团队完成任务"
      },
      "创新成果": {
        "分数": 9,
        "原因": "已经发表了多篇关于新技术和方法的研究论文"
      },
      "行业影响力": {
        "分数": 9,
        "原因": "通过公开演讲和网络分享，对行业产生了积极的影响"
      }
    }
  }
  