{
    "产品运营": {
      "人岗匹配程度分数": 0,
      "人岗匹配的理由": ""
    },
    "平面设计师": {
      "人岗匹配程度分数": 0,
      "人岗匹配的理由": ""
    },
    "财务": {
      "人岗匹配程度分数": 0,
      "人岗匹配的理由": ""
    },
    "市场营销": {
      "人岗匹配程度分数": 0,
      "人岗匹配的理由": ""
    },
    "项目主管": {
      "人岗匹配程度分数": 0,
      "人岗匹配的理由": ""
    }
}