{
    "开发工程师": {
      "人岗匹配程度分数": 0,
      "人岗匹配的理由": ""
    },
    "文员": {
      "人岗匹配程度分数": 0,
      "人岗匹配的理由": ""
    },
    "电商运营": {
      "人岗匹配程度分数": 0,
      "人岗匹配的理由": ""
    },
    "人力资源管理": {
      "人岗匹配程度分数": 0,
      "人岗匹配的理由": ""
    },
    "风控专员": {
      "人岗匹配程度分数": 0,
      "人岗匹配的理由": ""
    }
}