{
  "姓名": "吉茹定",
  "年龄": 30,
  "最高学历": "大专",
  "毕业院校": "广州科学技术职业学院",
  "工作经历": [
    {
      "时间": "2017.08-至今",
      "公司": "驰诚控股集团",
      "职位": "副总监",
      "描述": "负责协助集团旗下事业部开展各项工作，制定品牌传播方案；结合集团与事业部发展，制定营销策略、广告策略、品牌策略和公关策略，并组织推进执行；制定和执行媒体投放计划，跟踪和监督媒体投放效果，进行数据分析与撰写报告；研究行业发展动态，定期进行市场调查，为产品更新提供建议。"
    },
    {
      "时间": "2016.08-2017.08",
      "公司": "君豪有限公司",
      "职位": "市场及运营总监",
      "描述": "根据公司发展情况进行战略调整，配合前端销售部门搭建销售渠道；研究行业发展动态，定期进行市场调查，为产品更新提供建议；负责公司部门(营运、品牌策划)制度规范，负责组织及监管市场部关于对外合作、推广策划以相关工作的落实。"
    },
    {
      "时间": "2015.08-2016.08",
      "公司": "卓宁俱乐部",
      "职位": "市场副总监",
      "描述": "负责事业部产品对外推广和宣传，制定各种整合营销的活动；执行媒体投放计划，跟踪和监督媒体投放效果，进行数据分析撰写报告；向市场总监提供营销支持，并协助相关的公关事宜。"
    }
  ],
  "工作总时间": 6,
  "个人邮箱": "nesson@91muban.cn",
  "手机号": "13823138023",
  "性别": "男",
  "求职意向岗位": "市场总监-专注品牌方向",
  "自我评价": "待补充",
  "最高学历学校等级": "普通一本",
  "专业": "市场营销",
  "技能证书": "拥有多年的市场管理及品牌营销经验，卓越的规划、组织、策划、方案执行和团队领导能力，积累较强的人际关系处理能力和商务谈判技巧，善于沟通，具备良好的合作关系掌控能力与市场开拓能力；敏感的商业和市场意识，具备优秀的资源整合能力、业务推进能力；思维敏捷，有培训演讲能力，懂激励艺术，能带动团队的积极性；擅长协调平衡团队成员的竞争与合作的关系，善于通过培训提高团队综合能力和凝聚力。",
  "获奖荣誉": [
    "2015年 广州科学技术职业学院自强社“优秀社员”",
    "2014年 三下乡”社会实践活动“优秀学生”",
    "2014年 广州科学技术职业学院学生田径运动会10人立定跳远团体赛第三名",
    "2014年 学生军事技能训练“优秀学员”",
    "2013年 广州科学技术职业学院盼盼杯烘焙食品创意大赛优秀奖",
    "2013年 广州科学技术职业学院大学生主题征文一等奖",
    "2013年 广州科学技术职业学院微博文征集大赛二等奖"
  ],
  "教育背景": [
    {
      "时间": "2012.09-2015.06",
      "学校": "广州科学技术职业学院",
      "专业": "市场营销（大专）",
      "主修课程": "管理学、微观经济学、宏观经济学、管理信息系统、统计学、会计学、财务管理、市场营销、经济法、消费者行为学、国际市场营销"
    }
  ],
  "求职目标": "市场总监-专注品牌方向",
  "关于我": "具备较强的团队管理和领导能力，优秀的组织策划能力，曾带领过超20人以上的团队，有大型市场推广活动的成功经验；丰富的客户资源和良好的渠道拓展与管理经验，丰富的市场营销策划和领导经验，善于发掘和培养人才，行业人才资源丰富。",
  "联系方式": {
    "邮箱": "nesson@91muban.cn",
    "电话": "13823138023"
  },
  "出生日期": "1994.05.04",
  "校内实践": [
    {
      "时间": "2013.05-2014.06",
      "组织": "广州科学技术职业学院辩论队",
      "职务": "队长",
      "描述": "负责50余人团队的日常训练、选拔及团队建设；作为负责人对接多项商业校园行活动，如《奔跑吧兄弟》大学站录制、《时代周末》校园行。"
    },
    {
      "时间": "2014.11-2015.06",
      "组织": "沟通与交流协会",
      "职务": "创始人/副会长",
      "描述": "协助省沟通协会创立分部，从零开始组建初期团队；策划协会会员制，选拔、培训协会导师，推出一系列沟通课程。"
    }
  ],
  "项目经历": [
    {
      "项目名称": "卓宁集团品牌升级发布会",
      "描述": "集团全新品牌logo及VI上线，在多渠道进行了传播；企业VIP客户群体逾60人，结合了线上发布、线下体验；后续媒体报道持续升温，子品牌罄玉结合代言人罗嘉良制造话题营销，为期3周。"
    },
    {
      "项目名称": "君豪商业模式发布会",
      "描述": "整场活动以会议+洽谈双重模式进行，首日以介绍君豪内部平台资源优势，政府背景优势等为主，一对多推介会进行推广普及；现场签署地方合作意向书，如：新疆、江西、浙江等优秀企业商户；以中国的波尔多为宣传点，主推旗下新疆大型项目，制造营销、品牌热点。"
    },
    {
      "项目名称": "驰诚投资控股集团6A自媒体生态圈建设",
      "描述": "本项目重构了公司现有微信企业号的功能与架构；提高公众号的关注粉丝量的同时，对于有客户进行统一宣传，统一管理。"
    }
  ]
}