{
  "姓名": "张吉惟",
  "年龄": 26,
  "最高学历": "本科",
  "毕业院校": "北京师范大学",
  "工作经历": [
    {
      "时间": "2022.3至今",
      "地点": "北京猫眼机械有限公司",
      "职位": "部长助理",
      "任务": "负责票证车间生产质量检查,控制,兼任企业内审员,推行IS09001:2008及IS014000体系并年审"
    },
    {
      "时间": "2021.2-2022.3",
      "地点": "北京猫眼国际货运代理有限公司",
      "职位": "总经理助理",
      "任务": "根据公司的经营理念和发展战略制定公司各工作岗位的工作目标;负责制定及推进公司员工的培训、绩效、薪酬的管理"
    },
    {
      "时间": "2020.2-2021.2",
      "地点": "北京猫眼文化传媒有限公司",
      "职位": "运营助理",
      "任务": "根据目标管理综合考评内容,深入、细致地到所跟踪的各场所了解、掌握情况,帮助和促进各场所提高行政、后勤管理水平"
    }
  ],
  "工作总时间": 4,
  "个人邮箱": "zhangjiwei@163.com",
  "手机号": "13899999999",
  "性别": "女",
  "求职意向岗位": "行政管理类",
  "自我评价": "本人性格开朗、稳重、有活力,待人热情、真诚。有较强的组织能力、团体协作精神,较好的社交能力,善于处理各种人际关系。能迅速的适应各种环境,并融合其中。能把企业当作家庭,企业的财富就是我的财富,在努力为企业服务的过程中实现自身价值。",
  "最高学历学校等级": "985",
  "专业": "国际经济与贸易",
  "技能证书": "大学英语6级证书(CET-6)",
  "获奖荣誉": [
    "全国大学生英语竞赛一等奖",
    "国家级一等奖学金"
  ],
  "教育背景": [
    {
      "时间": "2015-2019",
      "学历": "本科",
      "学校": "北京师范大学",
      "专业": "国际经济与贸易",
      "主修课程": "政治经济学、西方经济学、国际经济学、计量经济学、世界经济概论、国际贸易理论与实务、国际金融、国际结算"
    }
  ],
  "工作稳定性的程度": "中上",
  "给出此工作稳定性判断的原因": "根据求职者的工作经历，每份工作的持续时间约为1-2年，属于偶尔的工作跳槽，表现出较为稳定的工作历程。",
  "人岗匹配程度分数": 75,
  "人岗匹配的理由": "根据求职者的专业技能和职位需求的匹配程度，工作经验和职位需求的匹配程度，个人素质的匹配程度，综合评估得出的匹配分数。"
}