{
  "姓名": "连书忠",
  "年龄": 32,
  "最高学历": "硕士",
  "毕业院校": "中山大学",
  "工作经历": [
    {
      "时间": "2015.9-2018.9",
      "地点": "广州科信系统有限公司（德资）",
      "职位": "客服专员",
      "任务": "处理客户来电或者来函的咨询、投诉和报修；熟练运用SAP进行数据的管理和报表制作；参与德国总部定期对工程师的技术培训；差旅安排、预订酒店、机票；负责各种会议的安排、组织；访客接待等等；本部门与其他各部门以及外部的信息沟通、传达与汇报；"
    },
    {
      "时间": "2018.9-2023.1",
      "地点": "广东翰航船舶管理(上海)有限公司",
      "职位": "物流仓储主管",
      "任务": "采购和订货，并与国外厂商联系做好沟通工作；跟踪进口空运、海运货物流程，凭外方提供单据和到港日期督促第三方物流及时清关；按照销售合同准备好出口空运、海运货物，制做出口清关单证，安排车辆送至出口监管仓库；其它进出口事宜，办理免表，审核信用证，年度HS CODE更新；仓储成本控制，掌握好成本及库存量的平衡点,设定安全库存；"
    }
  ],
  "工作总时间": 7,
  "个人邮箱": "service@500d.me",
  "手机号": "18800000000",
  "性别": "男",
  "求职意向岗位": "国际贸易",
  "自我评价": "多年的国际贸易工作经历培养了我较强的自学能力和解决问题的能力，能设身处地为公司着想，尽个人所能为公司节约成本。待人处事自信成熟，较好的团队沟通协调能力，工作细致认真，富有开拓精神，能够承受较强的工作压力。熟悉并掌握了系统的外贸操作流程和单证操作;敏锐的市场分析能力，决策能力强;能独立开发市场和客户;良好的谈判和沟通能力，有独立与海外客户沟通和谈判的商务能力;适应环境、接受新事物快。",
  "最高学历学校等级": "普通一本",
  "专业": "国际贸易",
  "技能证书": "大学英语六级, 全国计算机等级一级, 国际商务单证员专业证书",
  "获奖荣誉": "国家注册人力资源管理师（二级, ISM-国际安全管理规则（船级社）, 保险代理人资格证书, 研究生三等奖学金",
  "教育背景": [
    {
      "时间": "2012-2015",
      "学校": "中山大学",
      "学历": "硕士",
      "专业": "国际贸易"
    },
    {
      "时间": "2008-2012",
      "学校": "中山大学",
      "学历": "本科",
      "专业": "国际贸易"
    }
  ],
  "工作稳定性的程度": "中上",
  "给出此工作稳定性判断的原因": "求职者在过去的工作中有较为稳定的工作历程，每份工作的持续时间约为2-3年。",
  "人岗匹配程度分数": 75,
  "人岗匹配的理由": "求职者的专业技能与职位需求的匹配程度较高，具备国际贸易相关的专业知识和经验。工作经历中的客服专员和物流仓储主管的工作经验与职位需求也较为匹配。个人素质方面，求职者展现了较好的团队沟通协调能力和解决问题的能力，符合职位的要求。"
}