{
  "姓名": "林玟书",
  "年龄": 28,
  "最高学历": "本科",
  "毕业院校": "南方科技大学",
  "工作经历": [
    {
      "时间": "2017.04-2019.04",
      "地点": "原淼科技信息有限公司",
      "职位": "市场营销（实习生）",
      "任务": "负责公司线上端资源的销售工作，了解行业变化，跟踪客户数据，制定投放计划"
    },
    {
      "时间": "2019.04-2023.03",
      "地点": "彩讯科技有限公司",
      "职位": "软件工程师",
      "任务": "负责公司业务系统的设计及改进，参与网上商城系统产品功能设计和实施工作，负责客户调研、需求分析、方案写作，担任大商集团网上商城一期建设项目经理"
    }
  ],
  "工作总时间": 3,
  "个人邮箱": "linwenshu@qq.com",
  "手机号": "13801138023",
  "性别": "",
  "求职意向岗位": "市场运营专员",
  "自我评价": "有多年营销与管理经验，有较强的处理客户投诉能力及销售技巧，具备高度的工作热情和良好的团队合作精神；懂得消费者心理，对行业市场有一定的判断力，具有一定的数据分析能力；能够针对客户对产品的反馈，并结合主要竞争对手的市场变化，提出建设性方案或合理化建议；善于收集客户信息，妥善处理客户的不满和意见，进行客户需求分析，向运营及相关部门提出合理化建议；熟悉电商平台并有一定的电商客服主管经验，能够专业处理售前售后的事情，了解政策资源，能调动员工积极性；善于对业务流程进行优化，不断追求提高服务效率和服务质量。",
  "最高学历学校等级": "",
  "专业": "市场营销",
  "技能证书": "普通话一级甲等；大学英语四/六级（CET-4/6），良好的听说读写能力，快速浏览英语专业书籍；通过全国计算机二级考试，熟练运用office相关软件。",
  "获奖荣誉": "2014-2015学年 荣获优秀团员、艺术活动优秀奖；2015-2016学年 优秀学生干部、学生会优秀干部称号；2017-2018学年 荣获社会工作先进个人、优秀学生干部称号",
  "教育背景": [
    {
      "时间": "2014.07-2018.06",
      "学校": "南方科技大学",
      "专业": "市场营销（本科）",
      "主修课程": "管理学、微观经济学、宏观经济学、管理信息系统、统计学、会计学、财务管理、市场营销、经济法、消费者行为学、国际市场营销等"
    }
  ],
  "工作稳定性的程度": "中上",
  "给出此工作稳定性判断的原因": "求职者在过去的工作经历中，除了实习生的岗位外，都有较长的工作持续时间，表明求职者在工作中能够保持相对稳定的状态。",
  "人岗匹配程度分数": 80,
  "人岗匹配的理由": "求职者的专业背景是市场营销，与市场运营专员的职位需求相符合。求职者在实习期间负责公司线上资源的销售工作，具备一定的市场运营经验。此外，求职者在彩讯科技有限公司担任软件工程师的职位，虽然与市场运营专员不完全匹配，但在该职位中负责公司业务系统的设计及改进，参与公司网上商城系统产品功能设计及实施工作，表明求职者具备一定的项目管理和团队合作能力，与市场运营专员的个人素质要求相符合。综合考虑求职者的专业技能、工作经验和个人素质，与职位的匹配程度较高。"
}