{
  "姓名": "林国瑞",
  "年龄": 34,
  "最高学历": "本科",
  "毕业院校": "中国传媒大学",
  "工作经历": [
    {
      "时间": "2018.5-至今",
      "地点": "阿里巴巴公司",
      "职位": "市场经理助理",
      "任务": "负责公司团队组织建设，团队精神的培养，协调各部位工作，组织策划团队成员大会，竟选会、团队培训、招募新成员等工作"
    },
    {
      "时间": "2013.1-2018.5",
      "地点": "腾讯公司",
      "职位": "市场经理",
      "任务": "负责公司团队组织建设，团队精神的培养，协调各部位工作，组织策划团队成员大会，竟选会、团队培训、招募新成员等工作"
    }
  ],
  "工作总时间": 10,
  "个人邮箱": "linguorui@qq.com",
  "手机号": "13831088888",
  "性别": "男",
  "求职意向岗位": "市场专员",
  "自我评价": "自我学习能力还是比较强的，想做的事很认真。专业知识扎实，有积极的工作态度，能够独立工作，又有团队精神。具有良好的文化素质，在未来的工作中，我将以充沛的精力，努力工作，稳定地进步自己的工作能力。我正在寻找一个更好的发展平台，希望能够充分发挥自己的优势，共同努力成就一番事业。",
  "最高学历学校等级": "普通一本",
  "专业": "设计",
  "技能证书": "平面设计、办公软件、CSS",
  "获奖荣誉": [
    "大学一直担任班长，荣获“优秀班干”",
    "在校园创业者协会担任“宣传部长”",
    "2011年荣获第四届全国大学生广告艺术设计大赛平面作品类三等奖"
  ],
  "教育背景": [
    {
      "时间": "2008.9-2012.6",
      "学校": "中国传媒大学",
      "专业": "艺术设计",
      "主修课程": "英文口语、笔译口译、英文写作、英美文学、导游实务、商务礼仪、文化交流、旅游心理学"
    }
  ],
  "工作稳定性的程度": "中上",
  "给出此工作稳定性判断的原因": "根据求职者的工作经历，每份工作的持续时间约为2-3年，属于稳定的工作历程。",
  "人岗匹配程度分数": 80,
  "人岗匹配的理由": "根据求职者的工作经验和专业技能，与市场专员职位的需求有较高的匹配程度。求职者在阿里巴巴和腾讯公司担任市场经理助理和市场经理的工作经历，使其具备了组织建设、团队协作和策划能力。此外，求职者的专业知识扎实，具备良好的文化素质，能够独立工作并具备团队精神，这些都是市场专员职位所需要的个人素质。因此，求职者与市场专员职位的匹配程度较高。"
}