{
  "姓名": "张佳伶",
  "年龄": 25,
  "最高学历": "大专",
  "毕业院校": "牡丹江大学",
  "工作经历": [
    {
      "时间": "2022.8-至今",
      "地点": "盛泰创科技有限公司",
      "职位": "市场经理",
      "任务": "负责社团组织建设和管理，协调各部门工作，组织策划社团的成立大会、竞选会、团队培训、招新等运维活动"
    },
    {
      "时间": "2021.8-2022.8",
      "地点": "宏远灿科技有限公司",
      "职位": "产品策划",
      "任务": "协助筹备“不可思议”大型市场推广广州站系列活动，作为品牌大使向观众、来宾和媒体推广一百丁集团旗下的品牌"
    },
    {
      "时间": "2019.8-2021.8",
      "地点": "晟乾达科技有限公司",
      "职位": "UI设计实习",
      "任务": ""
    },
    {
      "时间": "2018.8-2019.8",
      "地点": "华拓数码科技有限公司",
      "职位": "市场实习",
      "任务": ""
    }
  ],
  "工作总时间": 1,
  "个人邮箱": "service@500d.me",
  "手机号": "13788886666",
  "性别": "",
  "求职意向岗位": "市场专员",
  "自我评价": "本人是市场营销专业毕业生，有丰富的营销知识体系做基础；对于市场营销方面的前沿和动向有一定的了解，善于分析和吸取经验熟悉网络推广，尤其是社会化媒体方面，有独到的见解和经验个性开朗，容易相处。",
  "最高学历学校等级": "",
  "专业": "广告摄影、三维动画基础、CI设计与制作、多媒体影视制作、中外美术史、艺术概论、平面广告设计、广告策划、计算机文化基础、广告传播学",
  "技能证书": "Photoshop, Word, Illustrator, Axure",
  "获奖荣誉": "大学一直担任班长，荣获“优秀班干”；在校园创业者协会担任“宣传部长”；2019年荣获第四届全国大学生广告艺术设计大赛平面作品类三等奖；校园文化节“微观江大，聚焦精彩”微博评选大赛中获“十大美友”奖",
  "教育背景": [
    {
      "时间": "2018.9-2021.7",
      "学校": "牡丹江大学",
      "学历": "大专"
    }
  ],
  "工作稳定性的程度": "中上",
  "给出此工作稳定性判断的原因": "根据求职者的工作经历，可以看出其在过去的几年中有较为稳定的工作历程，每份工作的持续时间都在1-2年左右，表明其具有一定的工作稳定性。",
  "个人特性": {
    "自我驱动性": {
      "分数": 80,
      "原因": "有丰富的营销知识体系做基础；对于市场营销方面的前沿和动向有一定的了解，善于分析和吸取经验熟悉网络推广，尤其是社会化媒体方面，有独到的见解和经验个性开朗，容易相处。"
    },
    "适应能力": {
      "分数": 70,
      "原因": "有丰富的营销知识体系做基础；对于市场营销方面的前沿和动向有一定的了解，善于分析和吸取经验熟悉网络推广，尤其是社会化媒体方面，有独到的见解和经验个性开朗，容易相处。"
    },
    "社交能力": {
      "分数": 75,
      "原因": "有丰富的营销知识体系做基础；对于市场营销方面的前沿和动向有一定的了解，善于分析和吸取经验熟悉网络推广，尤其是社会化媒体方面，有独到的见解和经验个性开朗，容易相处。"
    }
  },
  "技能和经验": {
    "问题解决能力": {
      "分数": 85,
      "原因": "熟练掌握Photoshop、Word、Illustrator、Axure等软件，具备广告摄影、三维动画基础、CI设计与制作、多媒体影视制作等技能。"
    },
    "团队协作能力": {
      "分数": 80,
      "原因": "在工作经历中负责社团组织建设，协调各部门工作，组织策划社团的成立大会、竞选会、团队培训、招新等运维活动。"
    },
    "创新思维": {
      "分数": 75,
      "原因": "在工作经历中协助筹备大型市场推广活动，担任品牌大使向观众、来宾和媒体推广品牌。"
    }
  },
  "成就和亮点": {
    "领导潜力": {
      "分数": 80,
      "原因": "在大学担任班长，荣获“优秀班干”；在校园创业者协会担任“宣传部长”。"
    },
    "创新成果": {
      "分数": 75,
      "原因": "荣获第四届全国大学生广告艺术设计大赛平面作品类三等奖。"
    },
    "行业影响力": {
      "分数": 70,
      "原因": "在校园文化节“微观江大，聚焦精彩”微博评选大赛中获得“十大美友”奖。"
    }
  },
  "产品运营": {
    "人岗匹配程度分数": 0,
    "人岗匹配的理由": ""
  },
  "平面设计师": {
    "人岗匹配程度分数": 70,
    "人岗匹配的理由": "具有平面广告设计的学习经历和熟练使用设计软件"
  },
  "财务": {
    "人岗匹配程度分数": 0,
    "人岗匹配的理由": ""
  },
  "市场营销": {
    "人岗匹配程度分数": 80,
    "人岗匹配的理由": "具有市场经理和产品策划的经验"
  },
  "项目主管": {
    "人岗匹配程度分数": 0,
    "人岗匹配的理由": ""
  },
  "开发工程师": {
    "人岗匹配程度分数": 0,
    "人岗匹配的理由": ""
  },
  "文员": {
    "人岗匹配程度分数": 0,
    "人岗匹配的理由": ""
  },
  "电商运营": {
    "人岗匹配程度分数": 0,
    "人岗匹配的理由": ""
  },
  "人力资源管理": {
    "人岗匹配程度分数": 0,
    "人岗匹配的理由": ""
  },
  "风控专员": {
    "人岗匹配程度分数": 0,
    "人岗匹配的理由": ""
  }
}