{
  "姓名": "郑凯婷",
  "年龄": 33,
  "最高学历": "大专",
  "毕业院校": "广东松山职业技术学院",
  "工作经历": [
    {
      "时间": "2018.9-至今",
      "地点": "利盛科技",
      "职位": "市场经理",
      "任务": [
        "协助筹备“不可思议”大型市场推广广东站系列活动",
        "作为品牌大使向观众、来宾和媒体推广一百丁集团旗下的品牌"
      ]
    },
    {
      "时间": "2013.9-2018.9",
      "地点": "千胜科技",
      "职位": "市场经理助理",
      "任务": []
    },
    {
      "时间": "2011.9-2013.9",
      "地点": "乐天科技",
      "职位": "市场经理助理",
      "任务": []
    }
  ],
  "工作总时间": 4,
  "个人邮箱": "",
  "手机号": "18888886666",
  "性别": "",
  "求职意向岗位": "市场专员",
  "自我评价": "本人是市场营销专业毕业生，有丰富的营销知识体系做基础；对于市场营销方面的前沿和动向有一定的了解，善于分析和吸取经验熟悉网络推广，尤其是社会化媒体方面，有独到的见解和经验个性开朗，容易相处。",
  "最高学历学校等级": "",
  "专业": "三维动画设计",
  "技能证书": "Photoshop, Word, Illustrator, Axure",
  "获奖荣誉": "大学一直担任班长，荣获“优秀班干”；在校园创业者协会担任“宣传部长”；2011年荣获第四届全国大学生广告艺术设计大赛平面作品类三等奖；校园文化节微博评选大赛中获“十大美友奖",
  "教育背景": [
    {
      "时间": "2008.9-2011.7",
      "学校": "广东松山职业技术学院",
      "学历": "大专",
      "专业": "三维动画设计"
    }
  ],
  "工作稳定性的程度": "中上",
  "给出此工作稳定性判断的原因": "根据求职者的工作经历，从2011年至今，共有3份工作经历，每份工作的持续时间都在1-2年之间，表明求职者在工作上相对稳定，没有频繁跳槽的情况。",
  "个人特性": {
    "自我驱动性": {
      "分数": 80,
      "原因": "有丰富的营销知识体系做基础，善于分析和吸取经验"
    },
    "适应能力": {
      "分数": 70,
      "原因": "熟悉网络推广，尤其是社会化媒体方面，有独到的见解和经验"
    },
    "社交能力": {
      "分数": 75,
      "原因": "个性开朗，容易相处"
    }
  },
  "技能和经验": {
    "问题解决能力": {
      "分数": 85,
      "原因": "有丰富的营销知识体系做基础，善于分析和吸取经验"
    },
    "团队协作能力": {
      "分数": 75,
      "原因": "在工作经历中担任市场经理助理的职位，需要与团队合作"
    },
    "创新思维": {
      "分数": 80,
      "原因": "有独到的见解和经验，能独立设计制作各种广告"
    }
  },
  "成就和亮点": {
    "领导潜力": {
      "分数": 70,
      "原因": "在工作经历中担任市场经理助理的职位，有一定的领导能力"
    },
    "创新成果": {
      "分数": 75,
      "原因": "获得第四届全国大学生广告艺术设计大赛平面作品类三等奖"
    },
    "行业影响力": {
      "分数": 65,
      "原因": "在校园创业者协会担任宣传部长，有一定的影响力"
    }
  },
  "产品运营": {
    "人岗匹配程度分数": 0,
    "人岗匹配的理由": ""
  },
  "平面设计师": {
    "人岗匹配程度分数": 80,
    "人岗匹配的理由": "熟练操作Photoshop、Illustrator等平面设计软件，并能独立设计和制作各种广告，设计宣传物料。"
  },
  "财务": {
    "人岗匹配程度分数": 0,
    "人岗匹配的理由": ""
  },
  "市场营销": {
    "人岗匹配程度分数": 90,
    "人岗匹配的理由": "市场营销专业毕业生，有丰富的营销知识体系做基础，对市场营销前沿和动向有一定了解，善于分析和吸取经验。熟悉网络推广，尤其是社会化媒体方面，有独到的见解和经验。"
  },
  "项目主管": {
    "人岗匹配程度分数": 0,
    "人岗匹配的理由": ""
  },
  "开发工程师": {
    "人岗匹配程度分数": 0,
    "人岗匹配的理由": "求职者没有计算机相关专业的学历，不满足学历要求。"
  },
  "文员": {
    "人岗匹配程度分数": 0,
    "人岗匹配的理由": "求职者没有相关工作经验，不满足工作经验要求。"
  },
  "电商运营": {
    "人岗匹配程度分数": 0,
    "人岗匹配的理由": "求职者没有电商运营工作经验，不满足工作经验要求。"
  },
  "人力资源管理": {
    "人岗匹配程度分数": 0,
    "人岗匹配的理由": "求职者没有人力资源工作经验，不满足工作经验要求。"
  },
  "风控专员": {
    "人岗匹配程度分数": 0,
    "人岗匹配的理由": "求职者没有金融或国际贸易专业的背景，不满足专业要求。"
  }
}