{
  "姓名": "郑雅仁",
  "年龄": 27,
  "最高学历": "中专",
  "毕业院校": "上海市电视中等专业学校",
  "工作经历": [
    {
      "时间": "2016.7 - 至今",
      "地点": "星优家居设计公司",
      "职位": "设计师",
      "任务": ""
    }
  ],
  "工作总时间": 5,
  "个人邮箱": "xianxian@taobao.com",
  "手机号": "13912345678",
  "性别": "女",
  "求职意向岗位": "设计师",
  "自我评价": "思维灵活，大方稳重，责任心强，有较强团队精神",
  "最高学历学校等级": "普通一本",
  "专业": "设计",
  "技能证书": [
    "Adobe中国认证设计师",
    "Adobe认证产品专家",
    "平面设计师资格证书"
  ],
  "获奖荣誉": [
    "英语四六级证书"
  ],
  "教育背景": [
    {
      "时间": "2013 - 2016",
      "学历": "中专",
      "学校": "上海市电视中等专业学校",
      "专业": "设计"
    }
  ],
  "工作稳定性的程度": "中",
  "给出此工作稳定性判断的原因": "根据求职者的工作经历，虽然有两份工作经历，但是实习期间只有半年，目前的工作也只有不到一年，属于较频繁的工作跳槽，每份工作的持续时间都不足一年，因此工作稳定性评级为中。",
  "个人特性": {
    "自我驱动性": {
      "分数": 85,
      "原因": "思维灵活，大方稳重，责任心强"
    },
    "适应能力": {
      "分数": 80,
      "原因": "有较强团队精神"
    },
    "社交能力": {
      "分数": 75,
      "原因": ""
    }
  },
  "技能和经验": {
    "问题解决能力": {
      "分数": 90,
      "原因": ""
    },
    "团队协作能力": {
      "分数": 80,
      "原因": ""
    },
    "创新思维": {
      "分数": 85,
      "原因": ""
    }
  },
  "成就和亮点": {
    "领导潜力": {
      "分数": 75,
      "原因": ""
    },
    "创新成果": {
      "分数": 80,
      "原因": ""
    },
    "行业影响力": {
      "分数": 70,
      "原因": ""
    }
  },
  "产品运营": {
    "人岗匹配程度分数": 0,
    "人岗匹配的理由": ""
  },
  "平面设计师": {
    "人岗匹配程度分数": 80,
    "人岗匹配的理由": "具有相关工作经历和证书，拥有设计能力和技能"
  },
  "财务": {
    "人岗匹配程度分数": 0,
    "人岗匹配的理由": ""
  },
  "市场营销": {
    "人岗匹配程度分数": 0,
    "人岗匹配的理由": ""
  },
  "项目主管": {
    "人岗匹配程度分数": 0,
    "人岗匹配的理由": ""
  },
  "开发工程师": {
    "人岗匹配程度分数": 0,
    "人岗匹配的理由": ""
  },
  "文员": {
    "人岗匹配程度分数": 0,
    "人岗匹配的理由": ""
  },
  "电商运营": {
    "人岗匹配程度分数": 0,
    "人岗匹配的理由": ""
  },
  "人力资源管理": {
    "人岗匹配程度分数": 0,
    "人岗匹配的理由": ""
  },
  "风控专员": {
    "人岗匹配程度分数": 0,
    "人岗匹配的理由": ""
  }
}