{
  "姓名": "黄姝",
  "年龄": 30,
  "最高学历": "硕士",
  "毕业院校": "湖南工商大学",
  "工作经历": [
    {
      "时间": "2021.09至今",
      "地点": "中汇科技有限公司",
      "职位": "产品经理",
      "任务": "团队管理，电商产品管理，电子商务策划项目管理；网站需求分析，产品设计，产品跟踪，及后续产品优化工作；"
    },
    {
      "时间": "2019.09-2021.09",
      "地点": "华诚科技有限公司",
      "职位": "软件工程师",
      "任务": "负责公司内部业务系统的设计及改进，参与公司网上商城系统产品功能设计及实施工作。负责客户调研、客户需求分析、方案写作等工作；"
    }
  ],
  "工作总时间": 4,
  "个人邮箱": "12343345@qq.com",
  "手机号": "13511223344",
  "性别": "",
  "求职意向岗位": "产品实习生",
  "自我评价": "在大学期间不仅认真完成了本学位广告学的学习，还辅修了金融学双学位，因为一直以来就对金融行业充满了向往，广告学教会了我要有创新性的思维方式，金融学教会我要脚踏实地同时随机应变，这两门学科都带给我很多专业的知识和技能。就我个人而言，性格开朗、乐观，虽然不能算是完全外向的人，但是我有自己交友的方式和方法，因此我的朋友也很多。",
  "最高学历学校等级": "",
  "专业": "",
  "技能证书": "CET-6，优秀的听说写能力普通话二级，普通话水平优秀会计从业资格证书、计算机二级，熟悉计算机各项操作驾驶证，C1助理会计师资格证书，有一定的会计处理水平。",
  "获奖荣誉": "2012-2013年获校级“三等奖学金”\n2013-2014获校级“三等奖学金”\n2012.09获学院组织的“永恒的敬仰”演讲活动一等奖",
  "教育背景": [
    {
      "时间": "2012.09-2016.07",
      "学校": "湖南工商大学（本科）",
      "专业": "广告学",
      "主修课程": "广告学概论、传播学概论、新闻学概论、公共关系学、市场营销学、广告创意与策划、广告文案写作、广告媒体研究、广告效果研究、广告经营与管理、广告摄"
    },
    {
      "时间": "2016.09-2019.07",
      "学校": "湖南工商大学",
      "专业": "金融学",
      "主修课程": "货币银行学、国际金融学、商业银行信贷管理、商业银行营销管理、商业银行经营管理、中央银行学、证券投资学、金融工程学、外汇管理学、保险学等"
    }
  ],
  "工作稳定性的程度": "",
  "给出此工作稳定性判断的原因": "",
  "个人特性": {
    "自我驱动性": {
      "分数": 80,
      "原因": "在大学期间辅修金融学双学位，展示了对金融行业的向往，并且能够脚踏实地同时随机应变。"
    },
    "适应能力": {
      "分数": 90,
      "原因": "在大学期间辅修金融学双学位，展示了对不同领域的适应能力。"
    },
    "社交能力": {
      "分数": 85,
      "原因": "拥有开朗、乐观的性格，能够与他人建立良好的人际关系。"
    }
  },
  "技能和经验": {
    "问题解决能力": {
      "分数": 85,
      "原因": "在工作经历中担任产品经理和软件工程师的职位，需要解决各种问题和挑战。"
    },
    "团队协作能力": {
      "分数": 90,
      "原因": "在工作经历中担任产品经理和软件工程师的职位，需要与团队成员合作完成项目。"
    },
    "创新思维": {
      "分数": 80,
      "原因": "在广告学的学习中培养了创新思维的能力。"
    }
  },
  "成就和亮点": {
    "领导潜力": {
      "分数": 75,
      "原因": "在工作经历中担任产品经理的职位，展示了一定的领导能力。"
    },
    "创新成果": {
      "分数": 80,
      "原因": "在广告学的学习中培养了创新思维的能力，并在工作中有产品设计和优化的经验。"
    },
    "行业影响力": {
      "分数": 70,
      "原因": "在工作经历中担任产品经理和软件工程师的职位，对电商和软件行业有一定的影响力。"
    }
  },
  "产品运营": {
    "人岗匹配程度分数": 60,
    "人岗匹配的理由": "具备团队管理和产品管理经验，但缺乏数据分析能力和数据敏感性。"
  },
  "平面设计师": {
    "人岗匹配程度分数": 20,
    "人岗匹配的理由": "没有相关的教育背景和工作经历，不具备平面设计能力。"
  },
  "财务": {
    "人岗匹配程度分数": 40,
    "人岗匹配的理由": "具备一定的金融知识，但缺乏具体的财务工作经验和熟悉财会专业知识的能力。"
  },
  "市场营销": {
    "人岗匹配程度分数": 60,
    "人岗匹配的理由": "具备电子商务策划项目管理经验，但缺乏具体的拓展和策划经验。"
  },
  "项目主管": {
    "人岗匹配程度分数": 40,
    "人岗匹配的理由": "具备项目管理经验，但缺乏具体的项目主管经验和熟悉本行业规范的能力。"
  },
  "产品实习生": {
    "人岗匹配程度分数": 80,
    "人岗匹配的理由": "学历背景、相关工作经验和团队合作能力"
  },
  "开发工程师": {
    "人岗匹配程度分数": 30,
    "人岗匹配的理由": "缺乏熟悉JAVA语言和APP开发经验"
  },
  "文员": {
    "人岗匹配程度分数": 40,
    "人岗匹配的理由": "缺乏相关文员工作经验和装饰公司工作经验"
  },
  "电商运营": {
    "人岗匹配程度分数": 70,
    "人岗匹配的理由": "学历背景和相关工作经验"
  },
  "人力资源管理": {
    "人岗匹配程度分数": 20,
    "人岗匹配的理由": "缺乏相关人力资源管理工作经验和知识"
  },
  "风控专员": {
    "人岗匹配程度分数": 20,
    "人岗匹配的理由": "缺乏相关工作经验和知识"
  }
}