{
  "姓名": "林芳江",
  "年龄": 26,
  "最高学历": "中专",
  "毕业院校": "",
  "工作经历": [
    {
      "时间": "2017.09-2019.9",
      "地点": "康纳科技有限公司",
      "职位": "",
      "任务": "负责企业画册设计、标志设计、产品包装设计、杂志广告跨页设计、户外广告设计等；对公司的网站后台周期性的修改和维护；对公司所有的宣传广告全程负责一直到完成阶段"
    },
    {
      "时间": "2019.9-2021.9",
      "地点": "万科物业服务有限公司",
      "职位": "",
      "任务": ""
    },
    {
      "时间": "2021.9-至今",
      "地点": "汉服设计公司",
      "职位": "",
      "任务": ""
    }
  ],
  "工作总时间": 4,
  "个人邮箱": "1234567@123.com",
  "手机号": "13999999999",
  "性别": "",
  "求职意向岗位": "",
  "自我评价": "负责企业画册设计、标志设计、产品包装设计、杂志广告跨页设计、户外广告设计等。对公司的网站后台周期性的修改和维护。对公司所有的宣传广告全程负责一直到完成阶段。",
  "最高学历学校等级": "",
  "专业": "设计",
  "技能证书": "Adobe中国认证设计师, Adobe认证产品专家, 平面设计师资格证书, 国际商业美术设计师, 英语六级证书",
  "获奖荣誉": "",
  "教育背景": [
    {
      "时间": "2014 - 2017",
      "学校": "杨浦区财贸职工中专",
      "专业": "设计"
    }
  ],
  "工作稳定性的程度": "中上",
  "给出此工作稳定性判断的原因": "根据求职者的工作经历来看，虽然有两份工作经历，但每份工作的持续时间都在1年以上，且没有频繁跳槽的情况。因此，可以判断求职者的工作稳定性为中上水平。",
  "个人特性": {
    "自我驱动性": {
      "分数": 80,
      "原因": "在工作经历中展示了对工作的主动性和积极性"
    },
    "适应能力": {
      "分数": 70,
      "原因": "在不同公司和行业的工作经历中展示了适应新环境和学习新技能的能力"
    },
    "社交能力": {
      "分数": 60,
      "原因": "在工作经历中负责与团队合作和与客户沟通，展示了一定的社交能力"
    }
  },
  "技能和经验": {
    "问题解决能力": {
      "分数": 70,
      "原因": "在工作经历中负责解决设计和广告方面的问题，展示了问题解决能力"
    },
    "团队协作能力": {
      "分数": 60,
      "原因": "在工作经历中与团队合作完成项目，展示了一定的团队协作能力"
    },
    "创新思维": {
      "分数": 50,
      "原因": "在工作经历中展示了一定的创新思维，但还有提升空间"
    }
  },
  "成就和亮点": {
    "领导潜力": {
      "分数": 60,
      "原因": "在工作经历中展示了一定的领导能力和管理能力"
    },
    "创新成果": {
      "分数": 50,
      "原因": "在工作经历中展示了一些创新成果，但还有进一步发展的空间"
    },
    "行业影响力": {
      "分数": 40,
      "原因": "在工作经历中还没有展示出较大的行业影响力"
    }
  },
  "产品运营": {
    "人岗匹配程度分数": 0,
    "人岗匹配的理由": ""
  },
  "平面设计师": {
    "人岗匹配程度分数": 80,
    "人岗匹配的理由": "具有平面设计相关的工作经验，熟练使用设计软件"
  },
  "财务": {
    "人岗匹配程度分数": 0,
    "人岗匹配的理由": ""
  },
  "市场营销": {
    "人岗匹配程度分数": 0,
    "人岗匹配的理由": ""
  },
  "项目主管": {
    "人岗匹配程度分数": 0,
    "人岗匹配的理由": ""
  },
  "开发工程师": {
    "人岗匹配程度分数": 0,
    "人岗匹配的理由": ""
  },
  "文员": {
    "人岗匹配程度分数": 0,
    "人岗匹配的理由": ""
  },
  "电商运营": {
    "人岗匹配程度分数": 0,
    "人岗匹配的理由": ""
  },
  "人力资源管理": {
    "人岗匹配程度分数": 0,
    "人岗匹配的理由": ""
  },
  "风控专员": {
    "人岗匹配程度分数": 0,
    "人岗匹配的理由": ""
  }
}