{
  "姓名": "林钰婷",
  "年龄": 31,
  "最高学历": "本科",
  "毕业院校": "北京师范大学",
  "工作经历": [
    {
      "时间": "2016.07-至今",
      "地点": "",
      "职位": "产品运营负责人",
      "任务": ""
    },
    {
      "时间": "2014.04-2014.09",
      "地点": "",
      "职位": "宣传科实习生",
      "任务": ""
    },
    {
      "时间": "",
      "地点": "东城区公安局某某分局政工监督室",
      "职位": "",
      "任务": "宣传活动策划，撰写内部工作稿件及新闻报道；摄影、摄像、录制编辑《东城警察》电视专题栏目及负责联系各大媒体对新闻事件的集中报道"
    },
    {
      "时间": "",
      "地点": "风飞雨工作室",
      "职位": "",
      "任务": "带领4人小组组建了风飞雨工作室，主要致力于品牌建设，以及市场营销搭建工作；网站常态运营活动规划和推进执行，制定相关运营策略和指标"
    }
  ],
  "工作总时间": 8,
  "个人邮箱": "zxj2015@gmail.com",
  "手机号": "138-0013-8000",
  "性别": "",
  "求职意向岗位": "社会化媒体运营推广",
  "自我评价": "微博第一批种子用户，活跃于各种论坛，天涯，知乎，豆瓣，扒皮小能手一枚；文笔流畅，多次在校内刊物上发表文章，熟练软文写作；善于沟通、具有良好的团队合作能力和人际交往能力。",
  "最高学历学校等级": "985",
  "专业": "汉语言文学",
  "技能证书": "",
  "获奖荣誉": "连续3个学年获国家一等奖学金；移动杯校园营销大赛团体第一名；校企面对面广告策划比赛公益类作品最佳创意奖",
  "教育背景": [
    {
      "时间": "2012-2016",
      "学校": "北京师范大学",
      "学历": "本科",
      "专业": "汉语言文学"
    }
  ],
  "个人特性": {
    "自我驱动性": {
      "分数": 80,
      "原因": "善于沟通、具有良好的团队合作能力和人际交往能力。"
    },
    "适应能力": {
      "分数": 75,
      "原因": "活跃于各种论坛，善于沟通、具有良好的团队合作能力和人际交往能力。"
    },
    "社交能力": {
      "分数": 80,
      "原因": "善于沟通、具有良好的团队合作能力和人际交往能力。"
    }
  },
  "技能和经验": {
    "问题解决能力": {
      "分数": 75,
      "原因": "善于沟通、具有良好的团队合作能力和人际交往能力。"
    },
    "团队协作能力": {
      "分数": 80,
      "原因": "善于沟通、具有良好的团队合作能力和人际交往能力。"
    },
    "创新思维": {
      "分数": 90,
      "原因": "熟练软文写作，善于沟通、具有良好的团队合作能力和人际交往能力。"
    }
  },
  "成就和亮点": {
    "领导潜力": {
      "分数": 80,
      "原因": "连续3个学年获国家一等奖学金，带领4人小组组建了风飞雨工作室。"
    },
    "创新成果": {
      "分数": 85,
      "原因": "熟练软文写作，策划网站主题活动，制定相关运营策略和指标。"
    },
    "行业影响力": {
      "分数": 75,
      "原因": "活跃于各种论坛，善于沟通、具有良好的团队合作能力和人际交往能力。"
    }
  },
  "产品运营": {
    "人岗匹配程度分数": 80,
    "人岗匹配的理由": "有2年以上的产品运营经验，具备研究行业竞争动态和分析产品运营数据的能力。"
  },
  "平面设计师": {
    "人岗匹配程度分数": 60,
    "人岗匹配的理由": "具有1-2年的相关工作经验，熟悉平面设计软件和视频剪辑等技能。"
  },
  "财务": {
    "人岗匹配程度分数": 0,
    "人岗匹配的理由": "简历中没有提到与财务相关的经验或技能。"
  },
  "市场营销": {
    "人岗匹配程度分数": 70,
    "人岗匹配的理由": "有品牌建设和市场营销搭建工作的经验，能制定品牌战略和推广策略。"
  },
  "项目主管": {
    "人岗匹配程度分数": 70,
    "人岗匹配的理由": "有项目主管的经验，能进行项目的整体管理和沟通协调工作。"
  },
  "开发工程师": {
    "人岗匹配程度分数": 0,
    "人岗匹配的理由": "求职者没有计算机相关专业的学历，也没有3年以上的软件开发经验，不满足职位的要求"
  },
  "文员": {
    "人岗匹配程度分数": 0,
    "人岗匹配的理由": "求职者没有一年以上的相关工作经验，不满足职位的要求"
  },
  "电商运营": {
    "人岗匹配程度分数": 0,
    "人岗匹配的理由": "求职者没有2年以上的电商运营工作经历，不满足职位的要求"
  },
  "人力资源管理": {
    "人岗匹配程度分数": 0,
    "人岗匹配的理由": "求职者没有两年以上的人力资源工作经验，不满足职位的要求"
  },
  "风控专员": {
    "人岗匹配程度分数": 0,
    "人岗匹配的理由": "求职者没有金融、国际贸易等专业背景，也没有5年以上的相关工作经验，不满足职位的要求"
  }
}