{
  "姓名": "杨欣宇",
  "年龄": 29,
  "最高学历": "本科",
  "毕业院校": "北方民族大学",
  "工作经历": [
    {
      "时间": "2020.9-至今",
      "地点": "深圳腾讯科技有限公司",
      "职位": "销售经理",
      "任务": "根据公司市场营销战略，提升销售价值，控制成本，扩大产品在所负责区域的销售，积极完成销售量指标，组织制定办公室年度、月度工作目标及工作计划，并组织实施;负责参加总经理办公会、重大业务会议，并负责记录过程。"
    },
    {
      "时间": "2018.9-2020.9",
      "地点": "北京奇虎科技有限公司",
      "职位": "销售经理",
      "任务": "帮助企业管理人员，客户经理、销售人员了解销售礼仪及面对客户营销时的沟通营销技巧，掌握销售礼仪的要领。"
    },
    {
      "时间": "2017.9-2018.9",
      "地点": "北京百度科技有限公司",
      "职位": "销售经理",
      "任务": "帮助企业管理人员，客户经理、销售人员了解销售礼仪及面对客户营销时的沟通营销技巧，掌握销售礼仪的要领。"
    }
  ],
  "工作总时间": 6,
  "个人邮箱": "Hilisyoung@qq.com",
  "手机号": "138-9189-8756",
  "性别": "",
  "求职意向岗位": "",
  "自我评价": "对事物有敏锐的洞察力，能很好得与人沟通，具有团队合作精神；对负责的工作会付出全部精力和热情，制定缜密计划，力争在最短时间内将目标达成；喜欢挑战，能高压力的工作，力争在最短时间内将目标达成。",
  "最高学历学校等级": "",
  "专业": "电子商务",
  "技能证书": "",
  "获奖荣誉": "2018年 北京百度科技有限公司 产品事业部最佳员工，2020年 北京奇虎科技有限公司",
  "教育背景": [
    {
      "时间": "2013 - 2017",
      "学历": "本科",
      "学校": "北方民族大学",
      "专业": "电子商务"
    },
    {
      "时间": "2017 - 2018",
      "学历": "",
      "学校": "蓝天商务培训学校",
      "专业": "网络商务培训"
    }
  ],
  "产品运营": {
    "人岗匹配程度分数": 70,
    "人岗匹配的理由": "具备销售经理的工作经验和项目管理经验，但缺乏具体的产品运营经验和数据分析能力。"
  },
  "平面设计师": {
    "人岗匹配程度分数": 0,
    "人岗匹配的理由": "简历中没有提到任何与平面设计相关的经验或技能。"
  },
  "财务": {
    "人岗匹配程度分数": 0,
    "人岗匹配的理由": "简历中没有提到任何与财务相关的经验或技能。"
  },
  "市场营销": {
    "人岗匹配程度分数": 80,
    "人岗匹配的理由": "具备销售经理的工作经验和市场营销经验，但缺乏具体的拓展和策划经验。"
  },
  "项目主管": {
    "人岗匹配程度分数": 60,
    "人岗匹配的理由": "具备销售经理的工作经验和项目管理经验，但缺乏具体的项目管理经验和团队协作能力。"
  },
  "开发工程师": {
    "人岗匹配程度分数": 0,
    "人岗匹配的理由": ""
  },
  "文员": {
    "人岗匹配程度分数": 0,
    "人岗匹配的理由": ""
  },
  "电商运营": {
    "人岗匹配程度分数": 0,
    "人岗匹配的理由": ""
  },
  "人力资源管理": {
    "人岗匹配程度分数": 0,
    "人岗匹配的理由": ""
  },
  "风控专员": {
    "人岗匹配程度分数": 0,
    "人岗匹配的理由": ""
  }
}