{
  "姓名": "林雅南",
  "年龄": 28,
  "最高学历": "本科",
  "毕业院校": "华南师范大学",
  "工作经历": [
    {
      "时间": "2021.09-至今",
      "地点": "金恪投资控股集团",
      "职位": "副总监"
    },
    {
      "时间": "2020.08-2021.09",
      "地点": "华泛科技有限公司",
      "职位": "市场及运营总监"
    },
    {
      "时间": "2019.12-2020.08",
      "地点": "优酷俱乐部",
      "职位": "市场副总监"
    },
    {
      "时间": "2018.08-2019.12",
      "地点": "伊淼集团",
      "职位": "市场部-市场经理"
    }
  ],
  "工作总时间": 4,
  "个人邮箱": "linyanan@qq.com",
  "手机号": "13801138823",
  "性别": "",
  "求职意向岗位": "市场总监-专注品牌方向",
  "自我评价": "具备较强的团队管理和领导能力，优秀的组织策划能力，丰富的客户资源和良好的渠道拓展与管理经验，具备充沛的媒体资源、品牌圈层关系网络，能够带领团队高效、有效的完成公司的既定战略目标，以实现价值的最大化。熟悉各种推广媒体、精通各种推广渠道和手段，包括对它们的效果分析、ROI分析等，有活动营销、PR营销、BD等方面的实际操作经验。",
  "最高学历学校等级": "",
  "专业": "市场营销",
  "技能证书": "普通话一级甲等, 全国计算机二级",
  "获奖荣誉": "2016年 新长城华南师范大学自强社“优秀社员”，2015年 三下乡”社会实践活动“优秀学生”，2015年 华南师范大学学生田径运动会10人立定跳远团体赛第三名，2015年 学生军事技能训练“优秀学员”，2015年 华南师范大学盼盼杯烘焙食品创意大赛优秀奖，2014年 华南高校大学生主题征文一等奖，2014年 华南师范大学“点燃中国梦 畅享我青春”微博文征集大赛二等奖",
  "教育背景": [
    {
      "时间": "2015.05-2016.06",
      "学校": "华南师范大学",
      "职位": "辩论队（队长）",
      "任职描述": "负责50余人团队的日常训练、选拔及团队建设；作为负责人对接多项商业校园行活动，如《奔跑吧兄弟》大学站录制、长安福特全球校园行、《时代周末》校园行；代表华南师范大学辩论队参与多项国际型比赛，并取得多项荣誉：华南师范大学“唇舌烽火”辩论赛冠军、亚军；华南师范大学2016级“杰出辩手”；"
    },
    {
      "时间": "2016.11-2018.06",
      "学校": "沟通与交流协会",
      "职位": "创始人/副会长",
      "任职描述": "协助湖北省沟通协会创立华南师范大学分部，从零开始组建初期团队；策划协会会员制，选拔、培训协会导师，推出一系列沟通课程；配合其他社团组织，承办诸如演讲、主持、讲坛等省级/校级活动；"
    }
  ],
  "工作稳定性的程度": "中上",
  "给出此工作稳定性判断的原因": "根据简历中的工作经历可以看出，求职者在过去的工作中有较为稳定的工作历程，每份工作的持续时间都在2年以上，表明求职者具有较高的工作稳定性。",
  "人岗匹配程度分数": 85,
  "人岗匹配的理由": "求职者具备丰富的市场营销和品牌策划经验，对团队管理和领导能力有较强的掌握。在过去的工作中，求职者曾担任市场总监和市场及运营总监等职位，具备了与目标职位相匹配的专业技能和工作经验。此外，求职者还展示了良好的组织策划能力和团队协作能力，能够高效地完成公司的战略目标。综合考虑，求职者与职位的匹配程度较高。"
}