{
  "姓名": "叶惟芷",
  "年龄": 34,
  "最高学历": "博士",
  "毕业院校": "中国传媒大学",
  "工作经历": [
    {
      "时间": "2022.7-2023.4",
      "地点": "深圳华为科技",
      "职位": "市场总监",
      "任务": "负责社团组织建设，社团机构的管理，协调各部门工作;组织策划社团的成立大会、竞选会、团队培训、招新等运维活动;"
    },
    {
      "时间": "2021.7-2022.7",
      "地点": "深圳欧成科技",
      "职位": "市场经理"
    },
    {
      "时间": "2020.7-2021.7",
      "地点": "深圳帆纪科技",
      "职位": "市场经理助理"
    }
  ],
  "工作总时间": 3,
  "个人邮箱": "service@500d.me",
  "手机号": "13788886666",
  "性别": "",
  "求职意向岗位": "市场总监",
  "自我评价": "本人是中国传媒大学毕业生，有丰富的营销知识体系做基础；对于市场营销方面的前沿和动向有一定的了解，善于分析和吸取经验熟悉网络推广，尤其是社会化媒体方面，有独到的见解和经验个性开朗，容易相处。",
  "最高学历学校等级": "211",
  "专业": "艺术设计",
  "技能证书": "Photoshop, Word, Illustrator, CorelDraw, Axure",
  "获奖荣誉": "第四届全国大学生广告艺术设计大赛平面作品类三等奖",
  "教育背景": [
    {
      "学校": "中国传媒大学",
      "学历": "博士",
      "时间": "2015.9-2020.7"
    },
    {
      "学校": "中国传媒大学",
      "学历": "硕士",
      "时间": "2012.9-2015.7"
    },
    {
      "学校": "中国传媒大学",
      "学历": "本科",
      "时间": "2008.9-2012.7"
    }
  ],
  "个人特性": {
    "自我驱动性": {
      "分数": 95,
      "原因": "在所有项目中都显示出高度的自我驱动性，总是能在规定的时间内完成任务"
    },
    "适应能力": {
      "分数": 85,
      "原因": "在新环境中迅速适应，能够在短时间内掌握新的技能"
    },
    "社交能力": {
      "分数": 90,
      "原因": "在团队中表现出良好的沟通技巧，能够有效地与团队成员交流，解决问题"
    }
  },
  "技能和经验": {
    "问题解决能力": {
      "分数": 95,
      "原因": "在面对挑战和困难时，总是能找到有效的解决方案"
    },
    "团队协作能力": {
      "分数": 92,
      "原因": "在团队项目中，总是能够有效地与其他成员协作，完成任务"
    },
    "创新思维": {
      "分数": 91,
      "原因": "在解决问题时，总是能提出独特和创新的想法"
    }
  },
  "成就和亮点": {
    "领导潜力": {
      "分数": 93,
      "原因": "在项目中承担领导角色，能够有效地指导团队完成任务"
    },
    "创新成果": {
      "分数": 94,
      "原因": "已经发表了多篇关于新技术和方法的研究论文"
    },
    "行业影响力": {
      "分数": 90,
      "原因": "通过公开演讲和网络分享，对行业产生了积极的影响"
    }
  },
  "产品运营": {
    "人岗匹配程度分数": 0,
    "人岗匹配的理由": ""
  },
  "平面设计师": {
    "人岗匹配程度分数": 70,
    "人岗匹配的理由": "具备艺术设计背景和熟练操作设计软件的能力"
  },
  "财务": {
    "人岗匹配程度分数": 0,
    "人岗匹配的理由": ""
  },
  "市场营销": {
    "人岗匹配程度分数": 90,
    "人岗匹配的理由": "具备市场总监的工作经历和管理能力"
  },
  "项目主管": {
    "人岗匹配程度分数": 0,
    "人岗匹配的理由": ""
  },
  "开发工程师": {
    "人岗匹配程度分数": 0,
    "人岗匹配的理由": ""
  },
  "文员": {
    "人岗匹配程度分数": 0,
    "人岗匹配的理由": ""
  },
  "电商运营": {
    "人岗匹配程度分数": 0,
    "人岗匹配的理由": ""
  },
  "人力资源管理": {
    "人岗匹配程度分数": 0,
    "人岗匹配的理由": ""
  },
  "风控专员": {
    "人岗匹配程度分数": 0,
    "人岗匹配的理由": ""
  }
}