{
  "姓名": "涂武盛",
  "年龄": 26,
  "最高学历": "大专",
  "毕业院校": "滨州职业学院",
  "工作经历": [
    {
      "时间": "2020.8-2022.7",
      "地点": "蓝天集团-运营",
      "职位": "运营",
      "任务": "负责社团组织建设，社团机构的管理，协调各部工作;组织策划社团的成立大会、招新等运维活动;"
    },
    {
      "时间": "2019.7-2020.7",
      "地点": "天光科技集团",
      "职位": "市场部实习生",
      "任务": "协助筹备“不可思议”大型市场推广州站系列活动；作为品牌大使向观众、来宾媒体推广品牌；"
    }
  ],
  "工作总时间": 4,
  "个人邮箱": "hr@naisen.com",
  "手机号": "18000000000",
  "性别": "",
  "求职意向岗位": "市场专员",
  "自我评价": "本人是市场营销专业毕业生，有丰富的营销知识体系做基础；对于市场营销方面的前沿和动向有一定的了解，善于分析和吸取经验熟悉网络推广，尤其是社会化媒体方面，有独到的见解和经验，团队荣誉感强。",
  "最高学历学校等级": "",
  "专业": "国际贸易",
  "技能证书": "",
  "获奖荣誉": "2011年荣获第四届全国大学生广告艺术设计大赛山东赛区平面作品类三等奖。校园文化节“微观江大，聚焦精彩”微博评选大赛中获“十大美友”奖",
  "教育背景": [
    {
      "时间": "2016.9-2019.7",
      "学校": "滨州职业学院",
      "专业": "市场营销",
      "课程": "广告摄影、三维动画基础、CI设计与制作、多媒体影视制作、中外美术史、艺术概论、平面广告设计、广告策划、计算机文化基础、广告传播学"
    }
  ]
}