{
  "姓名": "刘亭宝",
  "年龄": 26,
  "最高学历": "中专",
  "毕业院校": "济南传媒学校",
  "工作经历": [
    {
      "时间": "2017.10 - 2018.10",
      "地点": "汉艺设计服务有限公司",
      "职位": "设计师",
      "任务": "负责企业画册设计、标志设计、产品包装设计、杂志广告跨页设计、户外广告设计等"
    },
    {
      "时间": "2019.10 - 至今",
      "地点": "顺仁设计服务有限公司",
      "职位": "设计师",
      "任务": "对公司的网站后台周期性的修改和维护；对公司所有的宣传广告全程负责一直到完成阶段"
    }
  ],
  "工作总时间": 2,
  "个人邮箱": "1234567@123.com",
  "手机号": "13999999999",
  "性别": "",
  "求职意向岗位": "",
  "自我评价": "负责企业画册设计、标志设计、产品包装设计、杂志广告跨页设计、户外广告设计等\n对公司的网站后台周期性的修改和维护\n对公司所有的宣传广告全程负责一直到完成阶段",
  "最高学历学校等级": "",
  "专业": "设计",
  "技能证书": "Adobe中国认证设计师, Adobe认证产品专家, 平面设计师资格证书, 国际商业美术设计师, 英语六级证书",
  "获奖荣誉": "",
  "教育背景": [
    {
      "时间": "2014 - 2017",
      "学校": "济南传媒学校",
      "专业": "设计专业，中专"
    }
  ],
  "工作稳定性的程度": "中",
  "给出此工作稳定性判断的原因": "根据求职者的工作历史，发现其在过去的6年中共有3份工作经历，每份工作的持续时间约为1-2年，属于偶尔的工作跳槽，工作稳定性评级为中。",
  "人岗匹配程度分数": 50,
  "人岗匹配的理由": "根据求职者的简历，发现其具备设计专业的中专学历，且有多家设计公司的工作经验，对企业画册设计、标志设计、产品包装设计、杂志广告跨页设计、户外广告设计等有丰富的经验。此外，求职者还具备Adobe中国认证设计师、Adobe认证产品专家、平面设计师资格证书等相关证书，掌握Microsoft PowerPoint、Photoshop、Microsoft Word等设计软件。综合考虑求职者的专业技能、工作经验和个人素质，与职位的匹配程度为50分。"
}