{
  "姓名": "白怡均",
  "年龄": 34,
  "最高学历": "本科",
  "毕业院校": "中国海洋大学",
  "工作经历": [
    {
      "时间": "2012.03-2012.06",
      "地点": "洋环设计管理有限公司",
      "职位": "网络部实习",
      "任务": "负责病例分型以及绩效得分计算，实现查询和修改等操作。"
    },
    {
      "时间": "2012.07-至今",
      "地点": "君兆设计管理有限公司",
      "职位": "网络部",
      "任务": "负责爱存爱贷项目功能的维护以及项目页面的重新设计和编写。"
    }
  ],
  "工作总时间": 11,
  "个人邮箱": "4564646@qq.com",
  "手机号": "1380000020",
  "性别": "",
  "求职意向岗位": "互联网软件开发工程师",
  "自我评价": "自我学习能力还是比较强的，想做的事情很认真，专业知识扎实，有积极的工作态度，能够独立工作，又有团队精神，具有良好的文化素质，在未来的工作中，我将以充沛的精力，刻苦钻研的精神来努力工作，稳定的进步自己的工作能力。我正在寻找一个更好的发展平台，希望，能够充分发挥自己的优势，共同努力，成就一番事业。",
  "最高学历学校等级": "",
  "专业": "计算机专业",
  "技能证书": "HTML/CSS, WORD, PHOTOSHOP",
  "获奖荣誉": [
    "大学一直担任班长，荣获“优秀班干”",
    "在校园创业者协会担任“宣传部长”",
    "2011年荣获第四届全国大学生广告艺术设计大赛山东赛区平面作品类三等奖",
    "校园文化节“微观海大，聚焦精彩”微博评选大赛中获“十大美友”奖"
  ],
  "教育背景": [
    {
      "时间": "2008.09-2012.06",
      "学校": "中国海洋大学",
      "学历": "本科",
      "专业": "计算机专业",
      "课程": "离散数学，C语言，数据结构，操作系统，数据库原理，编译原理，软件工程计算机网络，计算机体系结构，WINDOWS/UNIX编程，图形图像学"
    }
  ],
  "工作稳定性的程度": "中上",
  "给出此工作稳定性判断的原因": "根据求职者的工作经历，每份工作的持续时间约为1-2年，属于偶尔的工作跳槽，工作稳定性较高。",
  "人岗匹配程度分数": 75,
  "人岗匹配的理由": "根据求职者的专业技能和职位需求的匹配程度，工作经验和职位需求的匹配程度，个人素质和职位需求的匹配程度，综合评估得出的匹配程度分数。"
}