{
  "姓名": "杜怡",
  "年龄": 30,
  "最高学历": "本科",
  "毕业院校": "北京城市学院",
  "工作经历": [
    {
      "时间": "2020.08至今",
      "地点": "奥润财务公司",
      "职位": "会计",
      "任务": "协助公司账务管理、核算、会计及税务工作；审核会计凭证、会计报表，协助完成税务申报以及年度审计工作；负责账务处理及税务的协调工作，对公司的税收进行筹划；进行税金的计算、申报以及和税务机关及银行的关系维护；"
    },
    {
      "时间": "2015.08-2019.08",
      "地点": "卓越会计师事务北京分所",
      "职位": "审计",
      "任务": "接受审计培训，学习审计程序、软件，以及专业严谨合作的习惯和精神；领导26名实习生校对并更新256份审计报告，优化工作流程，控制工作进度，并将信息分类汇报；参与审计顺丰广西、北京共29家分公司，独立负责9份工作底稿（工作效率约是其他实习生的2倍）。"
    }
  ],
  "工作总时间": 8,
  "个人邮箱": "officeplus@microsoft.com",
  "手机号": "18010001000",
  "性别": "女",
  "求职意向岗位": "会计师",
  "自我评价": "",
  "最高学历学校等级": "",
  "专业": "税务专业",
  "技能证书": "注册会计师证CPA、英语CET6 568、国家计算机二级（数据库）",
  "获奖荣誉": "北京市优秀毕业生、北京市三好学生、2014年国家奖学金",
  "教育背景": [
    {
      "学校": "北京城市学院",
      "专业": "税务专业",
      "学位": "经济学学士学位",
      "时间": "2011.09-2015.07",
      "GPA": "3.55/4.0",
      "专业排名": "5/40",
      "相关课程": "微观经济学 / 宏观经济学 / CPA税法 / 税收筹划 / 中国税制 / 税收管理 / 成本会计 / 预算会计 / 税务会计 / 财务管理 / 财务英语 / 高等数学"
    }
  ],
  "个人特性": {
    "自我驱动性": {
      "分数": 80,
      "原因": "在工作经历中展示了主动性和积极性，能够主动协助公司账务管理、核算、会计及税务工作，并负责账务处理及税务的协调工作。"
    },
    "适应能力": {
      "分数": 90,
      "原因": "在工作经历中展示了适应能力，能够适应不同的工作环境和任务要求，同时在学习中也展现了适应能力，如参与审计培训和学习审计程序、软件。"
    },
    "社交能力": {
      "分数": 70,
      "原因": "在团支部书记的经历中展示了一定的社交能力，能够组建小组并组织活动，同时也获得了学校的团干部称号。"
    }
  },
  "技能和经验": {
    "问题解决能力": {
      "分数": 85,
      "原因": "在工作经历中展示了问题解决能力，能够协助完成税务申报以及年度审计工作，并负责税收筹划和税金的计算、申报。"
    },
    "团队协作能力": {
      "分数": 75,
      "原因": "在团支部书记的经历中展示了团队协作能力，能够组建小组并组织活动，同时也带领班级获得校级先进班级的荣誉称号。"
    },
    "创新思维": {
      "分数": 70,
      "原因": "在工作经历中没有明显展示创新思维的能力，但在学习中展示了一定的创新思维，如组建考研交流小组和找工作信息分享小组。"
    }
  },
  "成就和亮点": {
    "领导潜力": {
      "分数": 80,
      "原因": "在工作经历中展示了领导潜力，如领导实习生校对并更新审计报告，并优化工作流程和控制工作进度。"
    },
    "创新成果": {
      "分数": 60,
      "原因": "在工作经历和教育背景中没有明显展示创新成果的能力。"
    },
    "行业影响力": {
      "分数": 70,
      "原因": "在工作经历和教育背景中没有明显展示行业影响力。"
    }
  },
  "财务": {
    "人岗匹配程度分数": 50,
    "人岗匹配的理由": "满足学历和专业知识的要求，但没有提供互联网行业经验和团队协作能力的信息。"
  },
  "开发工程师": {
    "人岗匹配程度分数": 0,
    "人岗匹配的理由": ""
  },
  "文员": {
    "人岗匹配程度分数": 0,
    "人岗匹配的理由": ""
  },
  "电商运营": {
    "人岗匹配程度分数": 0,
    "人岗匹配的理由": ""
  },
  "人力资源管理": {
    "人岗匹配程度分数": 0,
    "人岗匹配的理由": ""
  },
  "风控专员": {
    "人岗匹配程度分数": 0,
    "人岗匹配的理由": ""
  }
}