{
  "姓名": "潘孝东",
  "年龄": 23,
  "最高学历": "本科",
  "毕业院校": "中央戏曲学院",
  "工作经历": [
    {
      "时间": "2021.09~2022.06",
      "地点": "百度",
      "职位": "编辑",
      "任务": "在百度新闻网站发表新闻300余篇"
    },
    {
      "时间": "2019.09~2022.09",
      "地点": "校园网",
      "职位": "记者",
      "任务": "报道发表近100篇校内校外新闻"
    }
  ],
  "工作总时间": 5,
  "个人邮箱": "xiaohen@189.com",
  "手机号": "13899999999",
  "性别": "女",
  "求职意向岗位": "编辑",
  "自我评价": "2019.12~2023.06 学生会团宣部 部长 在担任团宣部部长期间，在校外新闻网站(四川新闻联播网，百姓生活网等)发表校内新闻70余篇，以及其它新闻总计200余篇。2021.09~2023.03 学生会 女生部副部长 在担任女生部副部长期间，多次组织院内、校级素质拓展活动。2021.09~2022.06 学长导航员 在担任学长导航学期间，解决学妹学弟生活上和学习上的各种问题。经常组织班级进行课外活动。",
  "最高学历学校等级": "普通一本",
  "专业": "广播电视编导",
  "技能证书": "全国计算机二级证书, 普通话二级甲等证书",
  "获奖荣誉": "优秀一等奖学金三次，二等奖学金两次，三等奖学金一次",
  "教育背景": [
    {
      "时间": "2019.09-2023.07",
      "学校": "中央戏曲学院",
      "专业": "广播电视编导",
      "学历": "本科"
    }
  ],
  "个人特性": {
    "自我驱动性": {
      "分数": 80,
      "原因": "在校期间担任多个职务，积极主动参与各种活动"
    },
    "适应能力": {
      "分数": 90,
      "原因": "在百度实习期间能够适应新环境并发表大量新闻"
    },
    "社交能力": {
      "分数": 70,
      "原因": "在学生会担任部长和副部长期间，组织活动并与他人合作"
    }
  },
  "技能和经验": {
    "问题解决能力": {
      "分数": 75,
      "原因": "在学长导航员期间解决学生问题"
    },
    "团队协作能力": {
      "分数": 85,
      "原因": "在学生会担任部长和副部长期间组织活动并与他人合作"
    },
    "创新思维": {
      "分数": 80,
      "原因": "获得创新创业奖和在校外新闻网站发表新闻"
    }
  },
  "成就和亮点": {
    "领导潜力": {
      "分数": 85,
      "原因": "在学生会担任部长和副部长期间组织活动并展示领导能力"
    },
    "创新成果": {
      "分数": 90,
      "原因": "获得创新创业奖和在校外新闻网站发表新闻"
    },
    "行业影响力": {
      "分数": 80,
      "原因": "在百度实习期间发表大量新闻并获得行业认可"
    }
  },
  "产品运营": {
    "人岗匹配程度分数": 0,
    "人岗匹配的理由": ""
  },
  "平面设计师": {
    "人岗匹配程度分数": 0,
    "人岗匹配的理由": ""
  },
  "财务": {
    "人岗匹配程度分数": 0,
    "人岗匹配的理由": ""
  },
  "市场营销": {
    "人岗匹配程度分数": 0,
    "人岗匹配的理由": ""
  },
  "项目主管": {
    "人岗匹配程度分数": 0,
    "人岗匹配的理由": ""
  },
  "开发工程师": {
    "人岗匹配程度分数": 0,
    "人岗匹配的理由": ""
  },
  "文员": {
    "人岗匹配程度分数": 0,
    "人岗匹配的理由": ""
  },
  "电商运营": {
    "人岗匹配程度分数": 0,
    "人岗匹配的理由": ""
  },
  "人力资源管理": {
    "人岗匹配程度分数": 0,
    "人岗匹配的理由": ""
  },
  "风控专员": {
    "人岗匹配程度分数": 0,
    "人岗匹配的理由": ""
  }
}