{
  "姓名": "周志合",
  "年龄": "27岁",
  "最高学历": "本科",
  "毕业院校": "深圳大学",
  "工作经历": [
    {
      "时间": "2021.6至今",
      "公司": "石市通科技有限公司",
      "职位": "产品经理",
      "工作内容": "团队管理，电商产品管理，电子商务策划项目管理；网站需求分析，产品设计，产品跟踪，及后续产品优化工作；与研发、营销、客服配合，展开产品开发、销售、售后工作；产品应用市场调研和分析；"
    },
    {
      "时间": "2019.6-2021.6",
      "公司": "宝康人力资源有限公司",
      "职位": "软件工程师",
      "工作内容": "负责公司内部业务系统的设计及改进，参与网上商城产品功能设计及实施。负责客户调研、客户需求分析、方案写作等工作，参与公司多个大型电子商务项目的策划工作，担任大商集团网上商城一期建设项目经理。"
    }
  ],
  "工作总时间": 4,
  "个人邮箱": "service@163.com",
  "手机号": "1350013500",
  "性别": "",
  "求职意向岗位": "产品经理/项目经理/运营经理",
  "自我评价": "深度互联网从业人员，对互联网保持高度的敏感性和关注度，熟悉产品开发流程，有很强的产品规划、需求分析、交互设计能力，能独立承担APP和WEB项目的管控工作，善于沟通，贴近用户。钟情于互联网技术应用，在五年的工作经验当中，通过自身努力从软件开发工程师转型到产品经理，获得了不错的成绩；",
  "最高学历学校等级": "",
  "专业": "计算机科学与技术",
  "技能证书": "Adobe Photoshop, Microsoft PowerPoint, Microsoft word, AXURE",
  "获奖荣誉": "",
  "教育背景": "2015-2019 深圳大学 计算机科学与技术（本科）",
  "地址": "广东省广州市",
  "电话": "1350013500",
  "邮箱": "service@163.com",
  "技能": [
    "Adobe Photoshop",
    "Microsoft PowerPoint",
    "Microsoft word",
    "AXURE",
    "日语",
    "英语",
    "普通话"
  ],
  "项目经历": [
    {
      "时间": "2019.6-2020.12",
      "项目名称": "宝康人力资源管理系统",
      "项目描述": "一款应用于PC下的人力资源管理系统，运行环境为Windows all，其主要功能有员工信息、系统留言、员工联系方式、员工风采、区域管理、部门管理、客户资料、工作调度、系统管理等功能。"
    },
    {
      "时间": "2021.1-至今",
      "项目名称": "石市通客户端开发",
      "项目描述": "石市通为广东某公司委托开发一款类似58同城APP，主要运用于IOS和Android平台，功能涉及跳蚤市场，在线促销，团购，会员积分，在线求职，同城活动，等十二大模块。"
    }
  ],
  "求职意向": "产品经理/项目经理/运营经理",
  "产品运营": {
    "人岗匹配程度分数": 60,
    "人岗匹配的理由": "具备团队管理和产品管理经验，参与产品需求分析和设计"
  },
  "平面设计师": {
    "人岗匹配程度分数": 20,
    "人岗匹配的理由": "没有相关工作经验或技能"
  },
  "财务": {
    "人岗匹配程度分数": 0,
    "人岗匹配的理由": "没有相关工作经验或技能"
  },
  "市场营销": {
    "人岗匹配程度分数": 40,
    "人岗匹配的理由": "参与产品的市场调研和分析"
  },
  "项目主管": {
    "人岗匹配程度分数": 60,
    "人岗匹配的理由": "具备团队管理和项目管理经验，参与产品的开发、销售和售后工作"
  },
  "开发工程师": {
    "人岗匹配程度分数": 0,
    "人岗匹配的理由": ""
  },
  "文员": {
    "人岗匹配程度分数": 0,
    "人岗匹配的理由": ""
  },
  "电商运营": {
    "人岗匹配程度分数": 0,
    "人岗匹配的理由": ""
  },
  "人力资源管理": {
    "人岗匹配程度分数": 0,
    "人岗匹配的理由": ""
  },
  "风控专员": {
    "人岗匹配程度分数": 0,
    "人岗匹配的理由": ""
  }
}