{
  "姓名": "Liulixia",
  "年龄": 28,
  "最高学历": "硕士",
  "毕业院校": "首都经济贸易大学",
  "工作经历": [
    {
      "时间": "2022.7至今",
      "地点": "微软在线Office PLUS项目组",
      "职位": "产品经理",
      "任务": "负责PC端及移动端的网站前后台产品的业务需求及规划；撰写产品V1.0-V2.0版本需求文档，推动产品研发整个过程；进行数据统计分析以及竞争对手情况分析跟踪；并通过数据和用户反馈，分析用户需求及行为，产品发布三个月用户量达10W"
    },
    {
      "时间": "2021.7-2022.7",
      "地点": "Microsoft Office PLUS项目组",
      "职位": "产品运营",
      "任务": "监测PLUS浏览器、PPT插件等产品海外渠道推广状况，分析评估产品日常渠道数据；运营产品PLUS PPT，包括内容运营及产品数据日报制作，结合用户需求进行产品优化创新；配合产品经理进行新产品市场调研，协助进行Geemobi网盟平台系统全功能测试使用。"
    }
  ],
  "工作总时间": 2,
  "个人邮箱": "officeplus@microsoft.com",
  "手机号": "18010001000",
  "性别": "男",
  "求职意向岗位": "产品经理&产品运营",
  "自我评价": "具有丰富的分销、供应链方面的项目管理经验；有较强的数据分析和网页设计能力，熟悉产品开发全部流程；熟悉UML语言，有系统设计，数据库设计经验。热爱互联网产品，具备产品线整体规划和把控能力，善于沟通陈述产品设计理念；能思考，能坚持，爱学习，爱合作。",
  "最高学历学校等级": "普通一本",
  "专业": "软件工程交互艺术",
  "技能证书": [
    "AXURE",
    "CSS3",
    "UML",
    "SQL",
    "PHOTOSHOP",
    "ILLUSTRATOR",
    "MS OFFICE"
  ],
  "获奖荣誉": [],
  "教育背景": [
    {
      "学校": "首都经济贸易大学",
      "学历": "硕士",
      "专业": "软件工程交互艺术",
      "起止时间": "2018.9-2021.6",
      "GPA": "3.7/4.0",
      "专业排名": "3/50"
    },
    {
      "学校": "首都经济贸易大学",
      "学历": "本科",
      "专业": "软件工程",
      "起止时间": "2014.18-2018.6",
      "GPA": "3.5/4.0",
      "专业排名": "6/57"
    }
  ],
  "个人特性": {
    "自我驱动性": {
      "分数": 90,
      "原因": "具备产品线整体规划和把控能力，善于沟通陈述产品设计理念"
    },
    "适应能力": {
      "分数": 85,
      "原因": "具有丰富的分销、供应链方面的项目管理经验"
    },
    "社交能力": {
      "分数": 80,
      "原因": "能思考，能坚持，爱学习，爱合作"
    }
  },
  "技能和经验": {
    "问题解决能力": {
      "分数": 90,
      "原因": "熟悉产品开发全部流程，有系统设计，数据库设计经验"
    },
    "团队协作能力": {
      "分数": 85,
      "原因": "具备产品线整体规划和把控能力，善于沟通陈述产品设计理念"
    },
    "创新思维": {
      "分数": 80,
      "原因": "热爱互联网产品，熟悉UML语言，有系统设计，数据库设计经验"
    }
  },
  "成就和亮点": {
    "领导潜力": {
      "分数": 90,
      "原因": "负责PC端及移动端的网站前后台产品的业务需求及规划，推动产品研发整个过程"
    },
    "创新成果": {
      "分数": 85,
      "原因": "产品发布三个月用户量达10W"
    },
    "行业影响力": {
      "分数": 80,
      "原因": "具备丰富的分销、供应链方面的项目管理经验"
    }
  },
  "产品运营": {
    "人岗匹配程度分数": 80,
    "人岗匹配的理由": "求职者在微软在线Office PLUS项目组担任产品运营的职位，具有产品运营经验和数据分析能力，符合产品运营的要求。"
  },
  "平面设计师": {
    "人岗匹配程度分数": 0,
    "人岗匹配的理由": "简历中没有提到求职者有平面设计的经验或技能，不符合平面设计师的要求。"
  },
  "财务": {
    "人岗匹配程度分数": 0,
    "人岗匹配的理由": "简历中没有提到求职者有财务相关的经验或技能，不符合财务岗位的要求。"
  },
  "市场营销": {
    "人岗匹配程度分数": 70,
    "人岗匹配的理由": "求职者在微软在线Office PLUS项目组担任产品运营的职位，具有市场调研和产品推广的经验，符合市场营销的要求。"
  },
  "项目主管": {
    "人岗匹配程度分数": 60,
    "人岗匹配的理由": "求职者在微软在线Office PLUS项目组担任产品经理的职位，具有项目管理和协调能力，符合项目主管的要求。"
  },
  "开发工程师": {
    "人岗匹配程度分数": 80,
    "人岗匹配的理由": "具有软件开发经验和JAVA语言的熟练掌握，符合学历要求和工作经验要求。"
  },
  "文员": {
    "人岗匹配程度分数": 60,
    "人岗匹配的理由": "具有一年以上相关工作经验和大专以上学历，符合年龄要求。"
  },
  "电商运营": {
    "人岗匹配程度分数": 70,
    "人岗匹配的理由": "具有2年以上电商运营工作经验和电商学问体系的了解，符合工作经验要求。"
  },
  "人力资源管理": {
    "人岗匹配程度分数": 70,
    "人岗匹配的理由": "具有两年以上人力资源工作经验和大专以上学历，符合工作经验要求和学历要求。"
  },
  "风控专员": {
    "人岗匹配程度分数": 50,
    "人岗匹配的理由": "没有符合职位要求的能力和工作经验，匹配程度较低。"
  }
}