{
  "姓名": "吴惠雯",
  "年龄": "26岁",
  "最高学历": "中专",
  "毕业院校": "北京市国际艺术学校",
  "工作经历": "2016.7 - 2023.1 同琛顾问有限公司 平面设计师",
  "工作总时间": 6,
  "个人邮箱": "xianxian@taobao.com",
  "手机号": "13912345678",
  "性别": "女",
  "求职意向岗位": "设计师",
  "自我评价": "思维灵活，大方稳重，责任心强，有较强团队精神",
  "最高学历学校等级": "普通一本",
  "专业": "设计",
  "技能证书": [
    "Adobe中国认证设计师",
    "Adobe认证产品专家",
    "平面设计师资格证书",
    "英语四六级证书"
  ],
  "获奖荣誉": [],
  "教育背景": "2013 - 2016 北京市国际艺术学校 设计专业",
  "籍贯": "上海",
  "民族": "汉族",
  "学历": "中专",
  "联系方式": "13912345678",
  "自我评估": "思维灵活，大方稳重，责任心强，有较强团队精神",
  "求职意向": "设计师",
  "实习经历": "2015 - 2016 上海 航永顾问有限公司",
  "证书": [
    "Adobe中国认证设计师",
    "Adobe认证产品专家",
    "平面设计师资格证书",
    "英语四六级证书"
  ],
  "技能": [
    "MS Office",
    "Photoshop",
    "Illustrator",
    "英语",
    "日语",
    "粤语"
  ]
}